id,title,year,runtime,genre,director,cast,writer,language,country,awards,imdb_rating,imdb_votes,box_office
0,The Shawshank Redemption,1994,142 ,Drama,Frank Darabont,"Tim Robbins, Morgan Freeman, Bob Gunton, William Sadler","Stephen King (short story ""Rita Hayworth and Shawshank Redemption""), Frank Darabont (screenplay)",English,USA,Nominated for 7 Oscars. Another 19 wins & 32 nominations.,9.3,"2,139,341",N/A
1,Memento,2000,113 ,"Mystery, Thriller",Christopher Nolan,"Guy Pearce, Carrie-Anne Moss, Joe Pantoliano, Mark Boone Junior","Christopher Nolan (screenplay), Jonathan Nolan (short story ""Memento Mori"")",English,USA,Nominated for 2 Oscars. Another 56 wins & 55 nominations.,8.4,"1,045,443","23,844,220"
2,In Bruges,2008,107 ,"Comedy, Crime, Drama, Thriller",Martin McDonagh,"Elizabeth Berrington, Rudy Blomme, Olivier Bonjour, Mark Donovan",Martin McDonagh,English,"UK, USA",Nominated for 1 Oscar. Another 24 wins & 53 nominations.,7.9,"367,757","7,550,836"
3,Gods,2014,120 ,"Biography, Drama",Lukasz Palkowski,"Tomasz Kot, Piotr Glowacki, Szymon Piotr Warszawski, Magdalena Czerwinska",Krzysztof Rak,Polish,Poland,5 wins & 8 nominations.,7.7,"4,300",N/A
4,The Godfather,1972,175 ,"Crime, Drama",Francis Ford Coppola,"Marlon Brando, Al Pacino, James Caan, Richard S. Castellano","Mario Puzo (screenplay by), Francis Ford Coppola (screenplay by), Mario Puzo (based on the novel by)","English, Italian, Latin",USA,Won 3 Oscars. Another 24 wins & 28 nominations.,9.2,"1,469,958",N/A
5,The Dark Knight,2008,152 ,"Action, Crime, Drama, Thriller",Christopher Nolan,"Christian Bale, Heath Ledger, Aaron Eckhart, Michael Caine","Jonathan Nolan (screenplay), Christopher Nolan (screenplay), Christopher Nolan (story), David S. Goyer (story), Bob Kane (characters)","English, Mandarin","USA, UK",Won 2 Oscars. Another 152 wins & 155 nominations.,9.0,"2,124,722","533,316,061"
6,12 Angry Men,1957,96 ,Drama,Sidney Lumet,"Martin Balsam, John Fiedler, Lee J. Cobb, E.G. Marshall","Reginald Rose (story), Reginald Rose (screenplay)",English,USA,Nominated for 3 Oscars. Another 16 wins & 8 nominations.,8.9,"610,423",N/A
7,Gone Girl,2014,149 ,"Drama, Mystery, Thriller",David Fincher,"Ben Affleck, Rosamund Pike, Neil Patrick Harris, Tyler Perry","Gillian Flynn (screenplay), Gillian Flynn (novel)",English,USA,Nominated for 1 Oscar. Another 65 wins & 177 nominations.,8.1,"778,239",N/A
8,Pulp Fiction,1994,154 ,"Crime, Drama",Quentin Tarantino,"Tim Roth, Amanda Plummer, Laura Lovelace, John Travolta","Quentin Tarantino (stories), Roger Avary (stories), Quentin Tarantino","English, Spanish, French",USA,Won 1 Oscar. Another 62 wins & 69 nominations.,8.9,"1,678,445",N/A
9,Fight Club,1999,139 ,Drama,David Fincher,"Edward Norton, Brad Pitt, Meat Loaf, Zach Grenier","Chuck Palahniuk (novel), Jim Uhls (screenplay)",English,"USA, Germany",Nominated for 1 Oscar. Another 10 wins & 34 nominations.,8.8,"1,720,737",N/A
10,Forrest Gump,1994,142 ,"Drama, Romance",Robert Zemeckis,"Tom Hanks, Rebecca Williams, Sally Field, Michael Conner Humphreys","Winston Groom (novel), Eric Roth (screenplay)",English,USA,Won 6 Oscars. Another 40 wins & 67 nominations.,8.8,"1,653,304","330,000,000"
11,Joker,2019,122 ,"Crime, Drama, Thriller",Todd Phillips,"Joaquin Phoenix, Robert De Niro, Zazie Beetz, Frances Conroy","Todd Phillips, Scott Silver, Bob Kane (based on characters created by), Bill Finger (based on characters created by), Jerry Robinson (based on characters created by)",English,"USA, Canada",N/A,8.9,"360,218",N/A
12,Inception,2010,148 ,"Action, Adventure, Sci-Fi, Thriller",Christopher Nolan,"Leonardo DiCaprio, Joseph Gordon-Levitt, Ellen Page, Tom Hardy",Christopher Nolan,"English, Japanese, French","USA, UK",Won 4 Oscars. Another 152 wins & 204 nominations.,8.8,"1,883,433","292,568,851"
13,The Matrix,1999,136 ,"Action, Sci-Fi","Lana Wachowski, Lilly Wachowski","Keanu Reeves, Laurence Fishburne, Carrie-Anne Moss, Hugo Weaving","Lilly Wachowski, Lana Wachowski",English,USA,Won 4 Oscars. Another 34 wins & 48 nominations.,8.7,"1,549,931",N/A
14,Goodfellas,1990,146 ,"Biography, Crime, Drama",Martin Scorsese,"Robert De Niro, Ray Liotta, Joe Pesci, Lorraine Bracco","Nicholas Pileggi (book), Nicholas Pileggi (screenplay), Martin Scorsese (screenplay)","English, Italian",USA,Won 1 Oscar. Another 43 wins & 37 nominations.,8.7,"926,369",N/A
15,Seven Samurai,1954,207 ,"Adventure, Drama",Akira Kurosawa,"Toshirô Mifune, Takashi Shimura, Keiko Tsushima, Yukiko Shimazaki","Akira Kurosawa (screenplay), Shinobu Hashimoto (screenplay), Hideo Oguni (screenplay)",Japanese,Japan,Nominated for 2 Oscars. Another 5 wins & 6 nominations.,8.6,"289,973",N/A
16,Se7en,1995,127 ,"Crime, Drama, Mystery, Thriller",David Fincher,"Morgan Freeman, Andrew Kevin Walker, Daniel Zacapa, Brad Pitt",Andrew Kevin Walker,English,USA,Nominated for 1 Oscar. Another 25 wins & 33 nominations.,8.6,"1,319,742",N/A
17,City of God,2002,130 ,"Crime, Drama","Fernando Meirelles, Kátia Lund(co-director)","Alexandre Rodrigues, Leandro Firmino, Phellipe Haagensen, Douglas Silva","Paulo Lins (novel), Bráulio Mantovani (screenplay)",Portuguese,"Brazil, France, Germany",Nominated for 4 Oscars. Another 66 wins & 38 nominations.,8.6,"656,398",N/A
18,Seven Pounds,2008,123 ,Drama,Gabriele Muccino,"Will Smith, Rosario Dawson, Woody Harrelson, Michael Ealy",Grant Nieporte,"English, Spanish",USA,5 wins & 6 nominations.,7.6,"272,226","69,951,824"
19,Boyhood,2014,165 ,Drama,Richard Linklater,"Ellar Coltrane, Patricia Arquette, Elijah Smith, Lorelei Linklater",Richard Linklater,"English, Spanish",USA,Won 1 Oscar. Another 171 wins & 209 nominations.,7.9,"319,096","18,859,617"
20,Contratiempo,2011,N/A,Action,Ramiro Medina Flores,"Michel Brown, Jorge Luis Moreno, Laisha Wilkins, Damayanti Quintanar","Flavia Atencio (story and screenplay), Sandra García Velten (story and screenplay), David Szy (screenplay), Ramiro Medina Flores (screenplay), Ignacio Barba (screenplay), Jesús DeLeón-Serratos (screenplay)",Spanish,Mexico,N/A,7.7,"1,279",N/A
21,Vicky Cristina Barcelona,2008,96 ,"Comedy, Drama, Romance",Woody Allen,"Rebecca Hall, Scarlett Johansson, Christopher Evan Welch, Chris Messina",Woody Allen,"English, Spanish","Spain, USA",Won 1 Oscar. Another 31 wins & 53 nominations.,7.1,"230,068","23,164,041"
22,The Silence of the Lambs,1991,118 ,"Crime, Drama, Thriller",Jonathan Demme,"Jodie Foster, Lawrence A. Bonney, Kasi Lemmons, Lawrence T. Wrentz","Thomas Harris (novel), Ted Tally (screenplay)","English, Latin",USA,Won 5 Oscars. Another 54 wins & 44 nominations.,8.6,"1,158,917",N/A
23,Saving Private Ryan,1998,169 ,"Drama, War",Steven Spielberg,"Tom Hanks, Tom Sizemore, Edward Burns, Barry Pepper",Robert Rodat,"English, French, German, Czech",USA,Won 5 Oscars. Another 74 wins & 74 nominations.,8.6,"1,133,804",N/A
24,The Green Mile ,1999,189 ,"Crime, Drama, Fantasy, Mystery",Frank Darabont,"Tom Hanks, David Morse, Bonnie Hunt, Michael Clarke Duncan","Stephen King (novel), Frank Darabont (screenplay)","English, French",USA,Nominated for 4 Oscars. Another 15 wins & 32 nominations.,8.6,"1,038,944",N/A
25,Interstellar,2014,169 ,"Adventure, Drama, Sci-Fi",Christopher Nolan,"Ellen Burstyn, Matthew McConaughey, Mackenzie Foy, John Lithgow","Jonathan Nolan, Christopher Nolan",English,"USA, UK, Canada",Won 1 Oscar. Another 43 wins & 143 nominations.,8.6,"1,333,291","158,737,441"
26,The Usual Suspects,1995,106 ,"Crime, Mystery, Thriller",Bryan Singer,"Stephen Baldwin, Gabriel Byrne, Benicio Del Toro, Kevin Pollak",Christopher McQuarrie,"English, Hungarian, Spanish, French","USA, Germany",Won 2 Oscars. Another 32 wins & 15 nominations.,8.5,"922,194",N/A
27,The Lion King,1994,88 ,"Animation, Adventure, Drama, Family, Musical","Roger Allers, Rob Minkoff","Rowan Atkinson, Matthew Broderick, Niketa Calame-Harris, Jim Cummings","Irene Mecchi (screenplay by), Jonathan Roberts (screenplay by), Linda Woolverton (screenplay by), Burny Mattinson (story), Barry Johnson (story), Lorna Cook (story), Thom Enriquez (story), Andy Gaskill (story), Gary Trousdale (story), Jim Capobianco (story), Kevin Harkey (story), Jorgen Klubien (story), Chris Sanders (story), Tom Sito (story), Larry Leker (story), Joe Ranft (story), Rick Maki (story), Ed Gombert (story), Francis Glebas (story), Mark Kausler (story), J.T. Allen (additional story material), George Scribner (additional story material), Miguel Tejada-Flores (additional story material), Jenny Tripp (additional story material), Bob Tzudiker (additional story material), Christopher Vogler (additional story material), Kirk Wise (additional story material), Noni White (additional story material), Brenda Chapman (story supervisor)","English, Swahili, Xhosa, Zulu",USA,Won 2 Oscars. Another 33 wins & 29 nominations.,8.5,"862,735","94,240,635"
28,Back to the Future,1985,116 ,"Adventure, Comedy, Sci-Fi",Robert Zemeckis,"Michael J. Fox, Christopher Lloyd, Lea Thompson, Crispin Glover","Robert Zemeckis, Bob Gale",English,USA,Won 1 Oscar. Another 19 wins & 25 nominations.,8.5,"957,282","2,925,880"
29,The Pianist,2002,150 ,"Biography, Drama, Music, War",Roman Polanski,"Adrien Brody, Emilia Fox, Michal Zebrowski, Ed Stoppard","Ronald Harwood (screenplay), Wladyslaw Szpilman (book)","English, German, Russian","UK, France, Poland, Germany",Won 3 Oscars. Another 52 wins & 73 nominations.,8.5,"659,004","32,519,322"
30,The Intouchables,2011,112 ,"Biography, Comedy, Drama","Olivier Nakache, Éric Toledano","François Cluzet, Omar Sy, Anne Le Ny, Audrey Fleurot","Olivier Nakache, Philippe Pozzo di Borgo (adapted from his autobiographical tale Le Second Souffle), Éric Toledano","French, English",France,Nominated for 1 Golden Globe. Another 35 wins & 39 nominations.,8.5,"692,381","13,179,837"
31,Psycho,1960,109 ,"Horror, Mystery, Thriller",Alfred Hitchcock,"Anthony Perkins, Vera Miles, John Gavin, Janet Leigh","Joseph Stefano (screenplay by), Robert Bloch (based on the novel by)",English,USA,Nominated for 4 Oscars. Another 5 wins & 9 nominations.,8.5,"552,280",N/A
32,Gladiator,2000,155 ,"Action, Adventure, Drama",Ridley Scott,"Russell Crowe, Joaquin Phoenix, Connie Nielsen, Oliver Reed","David Franzoni (story), David Franzoni (screenplay), John Logan (screenplay), William Nicholson (screenplay)",English,"USA, UK, Malta, Morocco",Won 5 Oscars. Another 53 wins & 101 nominations.,8.5,"1,234,768",N/A
33,City Lights,1931,87 ,"Comedy, Drama, Romance",Charles Chaplin,"Virginia Cherrill, Florence Lee, Harry Myers, Al Ernest Garcia",Charles Chaplin,English,USA,3 wins.,8.5,"151,081",N/A
34,The Departed,2006,151 ,"Crime, Drama, Thriller",Martin Scorsese,"Leonardo DiCaprio, Matt Damon, Jack Nicholson, Mark Wahlberg","William Monahan (screenplay), Alan Mak, Felix Chong","English, Cantonese",USA,Won 4 Oscars. Another 92 wins & 135 nominations.,8.5,"1,094,792","132,300,000"
35,Whiplash,2014,106 ,"Drama, Music",Damien Chazelle,"Miles Teller, J.K. Simmons, Paul Reiser, Melissa Benoist",Damien Chazelle,English,USA,Won 3 Oscars. Another 89 wins & 136 nominations.,8.5,"634,348",N/A
36,The Prestige,2006,130 ,"Drama, Mystery, Sci-Fi, Thriller",Christopher Nolan,"Hugh Jackman, Christian Bale, Michael Caine, Piper Perabo","Jonathan Nolan (screenplay), Christopher Nolan (screenplay), Christopher Priest (novel)",English,"USA, UK",Nominated for 2 Oscars. Another 5 wins & 37 nominations.,8.5,"1,089,812","53,100,000"
37,Casablanca,1942,102 ,"Drama, Romance, War",Michael Curtiz,"Humphrey Bogart, Ingrid Bergman, Paul Henreid, Claude Rains","Julius J. Epstein (screenplay), Philip G. Epstein (screenplay), Howard Koch (screenplay), Murray Burnett (play), Joan Alison (play)","English, French, German, Italian",USA,Won 3 Oscars. Another 5 wins & 9 nominations.,8.5,"486,024",N/A
38,Cinema Paradiso,1988,155 ,Drama,Giuseppe Tornatore,"Antonella Attili, Enzo Cannavale, Isa Danieli, Leo Gullotta","Giuseppe Tornatore (story), Giuseppe Tornatore (screenplay), Vanna Paoli (collaborating writer), Richard Epcar (english version)",Italian,"Italy, France",Won 1 Oscar. Another 23 wins & 31 nominations.,8.5,"206,842","239,630"
39,Alien,1979,117 ,"Horror, Sci-Fi",Ridley Scott,"Tom Skerritt, Sigourney Weaver, Veronica Cartwright, Harry Dean Stanton","Dan O'Bannon (screenplay by), Dan O'Bannon (story by), Ronald Shusett (story by)",English,"UK, USA",Won 1 Oscar. Another 16 wins & 19 nominations.,8.4,"729,965",N/A
40,Apocalypse Now,1979,147 ,"Drama, Mystery, War","Francis Ford Coppola, Francis Ford Coppola","Marlon Brando, Martin Sheen, Robert Duvall, Frederic Forrest","John Milius, Francis Ford Coppola, Michael Herr (narration), Francis Ford Coppola","English, French, Vietnamese",USA,Won 2 Oscars. Another 18 wins & 31 nominations.,8.4,"559,273",N/A
41,Django Unchained,2012,165 ,"Drama, Western",Quentin Tarantino,"Jamie Foxx, Christoph Waltz, Leonardo DiCaprio, Kerry Washington",Quentin Tarantino,"English, German, French, Italian",USA,Won 2 Oscars. Another 56 wins & 151 nominations.,8.4,"1,237,880","162,804,648"
42,The Shining,1980,146 ,"Drama, Horror",Stanley Kubrick,"Jack Nicholson, Shelley Duvall, Danny Lloyd, Scatman Crothers","Stephen King (novel), Stanley Kubrick (screenplay), Diane Johnson (screenplay)",English,"UK, USA",3 wins & 7 nominations.,8.4,"807,816",N/A
43,Parasite,2019,132 ,"Comedy, Drama, Thriller",Bong Joon Ho,"Kang-ho Song, Yeo-jeong Jo, So-dam Park, Woo-sik Choi","Han Jin Won (screenplay), Bong Joon Ho (screenplay)",Korean,South Korea,N/A,8.5,"56,736",N/A
44,Oldboy,2003,120 ,"Action, Drama, Mystery, Thriller",Chan-wook Park,"Min-sik Choi, Ji-tae Yu, Hye-jeong Kang, Dae-han Ji","Garon Tsuchiya (story), Nobuaki Minegishi (comic), Chan-wook Park (character created by: Oldboy,  Vengeance Trilogy), Chan-wook Park (screenplay), Joon-hyung Lim (screenplay), Jo-yun Hwang (screenplay)",Korean,South Korea,38 wins & 18 nominations.,8.4,"468,285","637,778"
45,The Dark Knight Rises,2012,164 ,"Action, Thriller",Christopher Nolan,"Christian Bale, Gary Oldman, Tom Hardy, Joseph Gordon-Levitt","Jonathan Nolan (screenplay), Christopher Nolan (screenplay), Christopher Nolan (story), David S. Goyer (story), Bob Kane (characters)","English, Arabic","UK, USA",Nominated for 1 BAFTA Film Award. Another 38 wins & 102 nominations.,8.4,"1,408,657","448,130,642"
46,American Beauty,1999,122 ,Drama,Sam Mendes,"Kevin Spacey, Annette Bening, Thora Birch, Wes Bentley",Alan Ball,English,USA,Won 5 Oscars. Another 104 wins & 100 nominations.,8.3,"1,003,589",N/A
47,Coco,2017,105 ,"Animation, Adventure, Family, Fantasy, Music, Mystery","Lee Unkrich, Adrian Molina(co-director)","Anthony Gonzalez, Gael García Bernal, Benjamin Bratt, Alanna Ubach","Lee Unkrich (original story by), Jason Katz (original story by), Matthew Aldrich (original story by), Adrian Molina (original story by), Adrian Molina (screenplay by), Matthew Aldrich (screenplay by)","English, Spanish",USA,Won 2 Oscars. Another 86 wins & 28 nominations.,8.4,"297,129","208,487,719"
48,Braveheart,1995,178 ,"Biography, Drama, History, War",Mel Gibson,"James Robinson, Sean Lawlor, Sandy Nelson, James Cosmo",Randall Wallace,"English, French, Latin, Scottish Gaelic, Italian",USA,Won 5 Oscars. Another 26 wins & 28 nominations.,8.3,"903,358",N/A
49,Toy Story,1995,81 ,"Animation, Adventure, Comedy, Family, Fantasy",John Lasseter,"Tom Hanks, Tim Allen, Don Rickles, Jim Varney","John Lasseter (original story by), Pete Docter (original story by), Andrew Stanton (original story by), Joe Ranft (original story by), Joss Whedon (screenplay by), Andrew Stanton (screenplay by), Joel Cohen (screenplay by), Alec Sokolow (screenplay by)",English,USA,Nominated for 3 Oscars. Another 23 wins & 17 nominations.,8.3,"815,304",N/A
50,Amadeus,1984,160 ,"Biography, Drama, History, Music",Milos Forman,"F. Murray Abraham, Tom Hulce, Elizabeth Berridge, Roy Dotrice","Peter Shaffer (original stage play), Peter Shaffer (original screenplay)","English, Italian, Latin, German","USA, France, Czechoslovakia, Italy",Won 8 Oscars. Another 33 wins & 14 nominations.,8.3,"344,433",N/A
51,Inglourious Basterds,2009,153 ,"Adventure, Drama, War",Quentin Tarantino,"Brad Pitt, Mélanie Laurent, Christoph Waltz, Eli Roth",Quentin Tarantino,"English, German, French, Italian","Germany, USA",Won 1 Oscar. Another 129 wins & 165 nominations.,8.3,"1,150,052","120,523,073"
52,Good Will Hunting,1997,126 ,"Drama, Romance",Gus Van Sant,"Matt Damon, Ben Affleck, Stellan Skarsgård, John Mighton","Matt Damon, Ben Affleck",English,USA,Won 2 Oscars. Another 22 wins & 57 nominations.,8.3,"785,601",N/A
53,Requiem for a Dream,2000,102 ,Drama,Darren Aronofsky,"Ellen Burstyn, Jared Leto, Jennifer Connelly, Marlon Wayans","Hubert Selby Jr. (based on the book by), Hubert Selby Jr. (screenplay), Darren Aronofsky (screenplay)",English,USA,Nominated for 1 Oscar. Another 33 wins & 62 nominations.,8.3,"711,539","2,546,851"
54,Vertigo,1958,128 ,"Mystery, Romance, Thriller",Alfred Hitchcock,"James Stewart, Kim Novak, Barbara Bel Geddes, Tom Helmore","Alec Coppel (screenplay by), Samuel A. Taylor (screenplay by), Pierre Boileau (based on the novel ""D'Entre Les Morts"" by), Thomas Narcejac (based on the novel ""D'Entre Les Morts"" by)",English,USA,Nominated for 2 Oscars. Another 8 wins & 4 nominations.,8.3,"328,786",N/A
55,Eternal Sunshine of the Spotless Mind,2004,108 ,"Drama, Romance, Sci-Fi",Michel Gondry,"Jim Carrey, Kate Winslet, Gerry Robert Byrne, Elijah Wood","Charlie Kaufman (story), Michel Gondry (story), Pierre Bismuth (story), Charlie Kaufman (screenplay)",English,USA,Won 1 Oscar. Another 71 wins & 109 nominations.,8.3,"839,680","34,126,138"
56,Citizen Kane,1941,119 ,"Drama, Mystery",Orson Welles,"Joseph Cotten, Dorothy Comingore, Agnes Moorehead, Ruth Warrick","Herman J. Mankiewicz (original screen play), Orson Welles (original screen play)","English, Italian",USA,Won 1 Oscar. Another 9 wins & 13 nominations.,8.3,"369,462",N/A
57,The Hunt,2012,115 ,Drama,Thomas Vinterberg,"Mads Mikkelsen, Thomas Bo Larsen, Annika Wedderkopp, Lasse Fogelstrøm","Tobias Lindholm (screenplay), Thomas Vinterberg (screenplay)","Danish, English, Polish","Denmark, Sweden",Nominated for 1 Oscar. Another 36 wins & 66 nominations.,8.3,"248,321","610,968"
58,Enemy at the Gates,2001,131 ,"Drama, History, War",Jean-Jacques Annaud,"Jude Law, Ed Harris, Rachel Weisz, Joseph Fiennes","Jean-Jacques Annaud, Alain Godard","English, German, Russian","Ireland, UK, France, Germany, USA",4 nominations.,7.6,"227,744","50,507,533"
59,Full Metal Jacket,1987,116 ,"Drama, War",Stanley Kubrick,"Matthew Modine, Adam Baldwin, Vincent D'Onofrio, R. Lee Ermey","Stanley Kubrick (screenplay by), Michael Herr (screenplay by), Gustav Hasford (screenplay by), Gustav Hasford (based on the novel ""The Short Timers"" by)","English, Vietnamese","UK, USA",Nominated for 1 Oscar. Another 7 wins & 11 nominations.,8.3,"624,206",N/A
60,A Clockwork Orange,1971,136 ,"Crime, Drama, Sci-Fi",Stanley Kubrick,"Malcolm McDowell, Patrick Magee, Michael Bates, Warren Clarke","Stanley Kubrick (screenplay), Anthony Burgess (novel)",English,"UK, USA",Nominated for 4 Oscars. Another 9 wins & 19 nominations.,8.3,"702,466",N/A
61,Snatch,2000,102 ,"Comedy, Crime",Guy Ritchie,"Benicio Del Toro, Dennis Farina, Vinnie Jones, Brad Pitt",Guy Ritchie,"English, Russian","UK, USA",4 wins & 6 nominations.,8.3,"732,995","30,093,107"
62,Scarface,1983,170 ,"Crime, Drama",Brian De Palma,"Al Pacino, Steven Bauer, Michelle Pfeiffer, Mary Elizabeth Mastrantonio",Oliver Stone (screenplay by),"English, Spanish",USA,Nominated for 3 Golden Globes. Another 4 nominations.,8.3,"680,803","656,161"
63,Lawrence of Arabia,1962,228 ,"Adventure, Biography, Drama, History, War",David Lean,"Peter O'Toole, Alec Guinness, Anthony Quinn, Jack Hawkins","T.E. Lawrence (writings), Robert Bolt (screenplay), Michael Wilson (screenplay)","English, Arabic, Turkish",UK,Won 7 Oscars. Another 23 wins & 14 nominations.,8.3,"247,148",N/A
64,Taxi Driver,1976,114 ,"Crime, Drama",Martin Scorsese,"Diahnne Abbott, Robinson Frank Adu, Victor Argo, Gino Ardito",Paul Schrader,"English, Spanish",USA,Nominated for 4 Oscars. Another 21 wins & 15 nominations.,8.3,"651,817",N/A
65,The Sting,1973,129 ,"Comedy, Crime, Drama",George Roy Hill,"Paul Newman, Robert Redford, Robert Shaw, Charles Durning",David S. Ward,English,USA,Won 7 Oscars. Another 11 wins & 6 nominations.,8.3,"224,181",N/A
66,To Kill a Mockingbird,1962,129 ,"Crime, Drama",Robert Mulligan,"Gregory Peck, John Megna, Frank Overton, Rosemary Murphy","Harper Lee (based on her novel ""To Kill a Mockingbird""), Horton Foote (screenplay)",English,USA,Won 3 Oscars. Another 10 wins & 16 nominations.,8.3,"276,469",N/A
67,Indiana Jones and the Last Crusade,1989,127 ,"Action, Adventure",Steven Spielberg,"Harrison Ford, Sean Connery, Denholm Elliott, Alison Doody","Jeffrey Boam (screenplay), George Lucas (story), Menno Meyjes (story), George Lucas (characters), Philip Kaufman (characters)","English, German, Greek, Arabic",USA,Won 1 Oscar. Another 6 wins & 20 nominations.,8.2,"647,605",N/A
68,Ben Hur,2010–,180 ,"Action, Adventure, Drama",N/A,"Joseph Morgan, Stephen Campbell Moore, Emily VanCamp, Kristin Kreuk",N/A,English,"UK, Germany, Spain, Canada, USA",3 wins & 1 nomination.,6.4,"1,798",0
69,The Apartment,1960,125 ,"Comedy, Drama, Romance",Billy Wilder,"Jack Lemmon, Shirley MacLaine, Fred MacMurray, Ray Walston","Billy Wilder, I.A.L. Diamond",English,USA,Won 5 Oscars. Another 19 wins & 8 nominations.,8.3,"148,405",N/A
70,Incendies,2010,131 ,"Drama, Mystery, War",Denis Villeneuve,"Mustafa Kamel, Hussein Sami, Rémy Girard, Mélissa Désormeaux-Poulin","Denis Villeneuve (scenario), Wajdi Mouawad (play), Valérie Beaugrand-Champagne (collaboration), Denis Villeneuve (dialogue)","French, Arabic, English","Canada, France",Nominated for 1 Oscar. Another 39 wins & 15 nominations.,8.3,"127,954","6,857,096"
71,Heat,1995,170 ,"Crime, Drama, Thriller",Michael Mann,"Al Pacino, Robert De Niro, Val Kilmer, Jon Voight",Michael Mann,"English, Spanish",USA,12 nominations.,8.2,"532,108",N/A
72,Batman Begins,2005,140 ,"Action, Adventure",Christopher Nolan,"Christian Bale, Michael Caine, Liam Neeson, Katie Holmes","Bob Kane (characters), David S. Goyer (story), Christopher Nolan (screenplay), David S. Goyer (screenplay)","English, Urdu, Mandarin","USA, UK",Nominated for 1 Oscar. Another 14 wins & 72 nominations.,8.2,"1,221,277","204,100,000"
73,Die Hard,1988,132 ,"Action, Thriller",John McTiernan,"Bruce Willis, Bonnie Bedelia, Reginald VelJohnson, Paul Gleason","Roderick Thorp (novel), Jeb Stuart (screenplay), Steven E. de Souza (screenplay)","English, German, Italian, Japanese",USA,Nominated for 4 Oscars. Another 7 wins & 2 nominations.,8.2,"730,850",N/A
74,Unforgiven,1992,130 ,"Drama, Western",Clint Eastwood,"Clint Eastwood, Gene Hackman, Morgan Freeman, Richard Harris",David Webb Peoples,English,USA,Won 4 Oscars. Another 44 wins & 45 nominations.,8.2,"348,218",N/A
75,Green Book,2018,130 ,"Biography, Comedy, Drama, Music",Peter Farrelly,"Viggo Mortensen, Mahershala Ali, Linda Cardellini, Sebastian Maniscalco","Nick Vallelonga, Brian Hayes Currie, Peter Farrelly","English, Italian, Russian, German",USA,N/A,8.2,"253,839",N/A
76,Children of Heaven,1997,89 ,"Drama, Family",Majid Majidi,"Mohammad Amir Naji, Amir Farrokh Hashemian, Bahare Seddiqi, Nafise Jafar-Mohammadi",Majid Majidi,Persian,Iran,Nominated for 1 Oscar. Another 13 wins & 4 nominations.,8.3,"55,552",N/A
77,Downfall,2004,156 ,"Biography, Drama, History, War",Oliver Hirschbiegel,"Bruno Ganz, Alexandra Maria Lara, Corinna Harfouch, Ulrich Matthes","Bernd Eichinger (screenplay), Joachim Fest (book), Traudl Junge (book), Melissa Müller (book)","German, Russian, Hungarian","Germany, Austria, Italy",Nominated for 1 Oscar. Another 21 wins & 29 nominations.,8.2,"310,543","5,475,810"
78,A Beautiful Mind,2001,135 ,"Biography, Drama",Ron Howard,"Russell Crowe, Ed Harris, Jennifer Connelly, Christopher Plummer","Akiva Goldsman, Sylvia Nasar (book)",English,USA,Won 4 Oscars. Another 33 wins & 67 nominations.,8.2,"783,624",N/A
79,Raging Bull,1980,129 ,"Biography, Drama, Sport",Martin Scorsese,"Robert De Niro, Cathy Moriarty, Joe Pesci, Frank Vincent","Jake LaMotta (based on the book by), Joseph Carter (with), Peter Savage (with), Paul Schrader (screenplay), Mardik Martin (screenplay)",English,USA,Won 2 Oscars. Another 22 wins & 26 nominations.,8.2,"294,131",N/A
80,The Wolf of Wall Street,2013,180 ,"Biography, Crime, Drama",Martin Scorsese,"Leonardo DiCaprio, Jonah Hill, Margot Robbie, Matthew McConaughey","Terence Winter (screenplay), Jordan Belfort (book)","English, French",USA,Nominated for 5 Oscars. Another 38 wins & 165 nominations.,8.2,"1,059,353","91,330,760"
81,Chinatown,1974,130 ,"Drama, Mystery, Thriller",Roman Polanski,"Jack Nicholson, Faye Dunaway, John Huston, Perry Lopez",Robert Towne,"English, Cantonese, Spanish",USA,Won 1 Oscar. Another 20 wins & 24 nominations.,8.2,"271,162",N/A
82,The Gold Rush,1925,95 ,"Adventure, Comedy, Drama, Family",Charles Chaplin,"Charles Chaplin, Mack Swain, Tom Murray, Henry Bergman",Charles Chaplin,English,USA,Nominated for 2 Oscars. Another 3 wins & 1 nomination.,8.2,"91,356",N/A
83,Inside Out,2015,95 ,"Animation, Adventure, Comedy, Drama, Family, Fantasy","Pete Docter, Ronnie Del Carmen(co-director)","Amy Poehler, Phyllis Smith, Richard Kind, Bill Hader","Pete Docter (original story by), Ronnie Del Carmen (original story by), Pete Docter (screenplay by), Meg LeFauve (screenplay by), Josh Cooley (screenplay by), Michael Arndt (additional story material by), Simon Rich (additional story material by), Bill Hader (additional dialogue by), Amy Poehler (additional dialogue by)",English,USA,Won 1 Oscar. Another 93 wins & 112 nominations.,8.2,"550,698","264,317,903"
84,There Will Be Blood,2007,158 ,Drama,Paul Thomas Anderson,"Daniel Day-Lewis, Martin Stringer, Matthew Braden Stringer, Jacob Stringer","Paul Thomas Anderson (written for the screen by), Upton Sinclair (novel)","English, American Sign Language",USA,Won 2 Oscars. Another 106 wins & 136 nominations.,8.1,"471,944","40,133,435"
85,V for Vendetta,2005,132 ,"Action, Drama, Sci-Fi, Thriller",James McTeigue,"Natalie Portman, Hugo Weaving, Stephen Rea, Stephen Fry","Lilly Wachowski (screenplay), Lana Wachowski (screenplay), David Lloyd (graphic novel art)",English,"USA, UK, Germany",7 wins & 27 nominations.,8.2,"965,514","70,500,000"
86,Warrior,2011,140 ,"Drama, Sport",Gavin O'Connor,"Joel Edgerton, Tom Hardy, Nick Nolte, Jennifer Morrison","Gavin O'Connor (screenplay), Anthony Tambakis (screenplay), Cliff Dorfman (screenplay), Gavin O'Connor (story), Cliff Dorfman (story)","English, Spanish",USA,Nominated for 1 Oscar. Another 6 wins & 20 nominations.,8.2,"408,873","13,600,000"
87,Room,2015,118 ,"Drama, Thriller",Lenny Abrahamson,"Brie Larson, Jacob Tremblay, Sean Bridgers, Wendy Crewson","Emma Donoghue (screenplay by), Emma Donoghue (based on the novel by)",English,"Ireland, Canada, UK, USA",Won 1 Oscar. Another 103 wins & 136 nominations.,8.2,"326,290","14,677,654"
88,Shazam,2017,6 ,"Short, Family",Royston Innes,"Roman Dior Degeddingseze, Christopher Mychael Watson",Royston Innes,English,USA,N/A,8.3,40,N/A
89,Trainspotting,1996,93 ,Drama,Danny Boyle,"Ewan McGregor, Ewen Bremner, Jonny Lee Miller, Kevin McKidd","Irvine Welsh (based on the novel by), John Hodge (screenplay)",English,UK,Nominated for 1 Oscar. Another 23 wins & 33 nominations.,8.1,"597,593",N/A
90,No Country for Old Men,2007,122 ,"Crime, Drama, Thriller","Ethan Coen, Joel Coen","Tommy Lee Jones, Javier Bardem, Josh Brolin, Woody Harrelson","Joel Coen (screenplay), Ethan Coen (screenplay), Cormac McCarthy (novel)","English, Spanish",USA,Won 4 Oscars. Another 157 wins & 132 nominations.,8.1,"782,641","74,223,625"
91,The Sixth Sense,1999,107 ,"Drama, Mystery, Thriller",M. Night Shyamalan,"Bruce Willis, Haley Joel Osment, Toni Collette, Olivia Williams",M. Night Shyamalan,"English, Latin, Spanish",USA,Nominated for 6 Oscars. Another 32 wins & 48 nominations.,8.1,"858,440",N/A
92,Shutter Island,2010,138 ,"Mystery, Thriller",Martin Scorsese,"Leonardo DiCaprio, Mark Ruffalo, Ben Kingsley, Max von Sydow","Laeta Kalogridis (screenplay), Dennis Lehane (novel)","English, German",USA,9 wins & 62 nominations.,8.1,"1,026,951","125,001,000"
93,The Thing,1982,109 ,"Horror, Mystery, Sci-Fi",John Carpenter,"Kurt Russell, Wilford Brimley, T.K. Carter, David Clennon","Bill Lancaster (screenplay), John W. Campbell Jr. (story)","English, Norwegian",USA,3 nominations.,8.1,"338,201",N/A
94,Gone with the Wind,1939,238 ,"Drama, History, Romance, War","Victor Fleming, George Cukor, Sam Wood","Thomas Mitchell, Barbara O'Neil, Vivien Leigh, Evelyn Keyes","Margaret Mitchell (story of the old south ""Gone with the Wind""), Sidney Howard (screenplay)",English,USA,Won 8 Oscars. Another 10 wins & 9 nominations.,8.1,"268,303",N/A
95,Blade Runner,1982,117 ,"Action, Sci-Fi, Thriller",Ridley Scott,"Harrison Ford, Rutger Hauer, Sean Young, Edward James Olmos","Hampton Fancher (screenplay), David Webb Peoples (screenplay), Philip K. Dick (novel)","English, German, Cantonese, Japanese, Hungarian, Arabic",USA,Nominated for 2 Oscars. Another 11 wins & 16 nominations.,8.1,"639,953",N/A
96,Jurassic Park,1993,127 ,"Action, Adventure, Sci-Fi, Thriller",Steven Spielberg,"Sam Neill, Laura Dern, Jeff Goldblum, Richard Attenborough","Michael Crichton (novel), Michael Crichton (screenplay), David Koepp (screenplay)","English, Spanish",USA,Won 3 Oscars. Another 32 wins & 25 nominations.,8.1,"796,497","45,299,680"
97,Fargo,1996,98 ,"Crime, Drama, Thriller","Joel Coen, Ethan Coen","William H. Macy, Steve Buscemi, Peter Stormare, Kristin Rudrüd","Ethan Coen, Joel Coen",English,"USA, UK",Won 2 Oscars. Another 79 wins & 59 nominations.,8.1,"570,746",N/A
98,Gran Torino,2008,116 ,Drama,Clint Eastwood,"Clint Eastwood, Christopher Carley, Bee Vang, Ahney Her","Nick Schenk (screenplay), Dave Johannson (story), Nick Schenk (story)","English, Hmong","Germany, USA",Nominated for 1 Golden Globe. Another 20 wins & 17 nominations.,8.1,"678,742","148,055,047"
99,The Big Lebowski,1998,117 ,"Comedy, Crime","Joel Coen, Ethan Coen","Jeff Bridges, John Goodman, Julianne Moore, Steve Buscemi","Ethan Coen, Joel Coen","English, German, Hebrew, Spanish","USA, UK",4 wins & 17 nominations.,8.1,"674,630",N/A
100,Kac Wawa,2012,97 ,Comedy,Lukasz Karwowski,"Borys Szyc, Sonia Bohosiewicz, Roma Gasiorowska, Miroslaw Zbrojewicz","Piotr Czaja, Jacek Samojlowicz, Krzysztof Weglarz",Polish,Poland,N/A,1.4,675,N/A
